name	portraits	anchor
Bae Do-yoon	../images/id-02.jpg	char-bae-do-yoon
Jessica	../images/id-03.jpg	char-jessica-jung
Lee Boo-jin	../images/id-04.jpg	char-lee-boo-jin
Krystal	../images/id-05.jpg	char-krystal-jung
The President’s assistant	../images/id-06.jpg	char-the-president-s-assistant
The entries		char-the-entries
Boram	../images/id-10.jpg	char-jeon-boram
Kwon Young-il		char-kwon-young-il
Kim Mi-ju	../images/id-14.jpg	char-kim-mi-ju
Bae Suzy	../images/id-17.jpg	char-bae-suzy
Park Jin-young	../images/id-19.jpg	char-park-jin-young
Park Dae-jun		char-park-dae-jun
Park Jung-hwan		char-park-jung-hwan
Park Ji-yeon	../images/id-20.jpg	char-park-ji-yeon
The Department Chief Prosecutor		char-department-chief
The Master of Inmudang	../images/id-21.jpg	char-master-inmudang
